{
    "total_sessions": 0.11532392183157837,
    "avg_watch_minutes": 0.5194953705223829,
    "avg_completion": 0.18422155934703424,
    "days_inactive": 0.11357470775941647,
    "age": 0.013571400599489978,
    "membership_years": 0.007724569586406898,
    "gender_index": 0.0021853918185519724,
    "country_index": 0.009924500539934097,
    "preferred_genre_index": 0.017135490138368042,
    "device_type_index": 0.007980316123566368,
    "profile_type_index": 0.0053090162625578875,
    "age_group_index": 0.0035537554707129305
}